millis,stamp,datetime,motion
999,1501234667, 2017/7/28 9:37:47, Active
1999,1501234668, 2017/7/28 9:37:48, Active
2999,1501234669, 2017/7/28 9:37:49, Active
3998,1501234670, 2017/7/28 9:37:50, Active
4999,1501234671, 2017/7/28 9:37:51, Active
5999,1501234672, 2017/7/28 9:37:52, Active
6999,1501234673, 2017/7/28 9:37:53, Active
7999,1501234674, 2017/7/28 9:37:54, Active
8999,1501234675, 2017/7/28 9:37:55, Active
9999,1501234676, 2017/7/28 9:37:56, Active
10999,1501234677, 2017/7/28 9:37:57, Active
11999,1501234678, 2017/7/28 9:37:58, Active
12999,1501234679, 2017/7/28 9:37:59, Active
13999,1501234680, 2017/7/28 9:38:0, Active
14998,1501234681, 2017/7/28 9:38:1, Active
16000,1501234682, 2017/7/28 9:38:2, Active
16999,1501234683, 2017/7/28 9:38:3, Active
17999,1501234684, 2017/7/28 9:38:4, Active
18999,1501234685, 2017/7/28 9:38:5, Active
19999,1501234686, 2017/7/28 9:38:6, Active
20999,1501234687, 2017/7/28 9:38:7, Inactive
21999,1501234688, 2017/7/28 9:38:8, Inactive
22999,1501234689, 2017/7/28 9:38:9, Inactive
23999,1501234690, 2017/7/28 9:38:10, Inactive
24999,1501234691, 2017/7/28 9:38:11, Inactive
25999,1501234692, 2017/7/28 9:38:12, Inactive
26999,1501234693, 2017/7/28 9:38:13, Inactive
27999,1501234694, 2017/7/28 9:38:14, Inactive
28999,1501234695, 2017/7/28 9:38:15, Inactive
29999,1501234696, 2017/7/28 9:38:16, Inactive
30999,1501234697, 2017/7/28 9:38:17, Inactive
32000,1501234698, 2017/7/28 9:38:18, Inactive
32999,1501234699, 2017/7/28 9:38:19, Inactive
33999,1501234700, 2017/7/28 9:38:20, Inactive
34999,1501234701, 2017/7/28 9:38:21, Inactive
35999,1501234702, 2017/7/28 9:38:22, Active
36999,1501234703, 2017/7/28 9:38:23, Active
37999,1501234704, 2017/7/28 9:38:24, Active
38999,1501234705, 2017/7/28 9:38:25, Active
39999,1501234706, 2017/7/28 9:38:26, Active
40999,1501234707, 2017/7/28 9:38:27, Active
41999,1501234708, 2017/7/28 9:38:28, Active
42999,1501234709, 2017/7/28 9:38:29, Active
43999,1501234710, 2017/7/28 9:38:30, Active
44999,1501234711, 2017/7/28 9:38:31, Active
46000,1501234712, 2017/7/28 9:38:32, Active
46999,1501234713, 2017/7/28 9:38:33, Active
48000,1501234714, 2017/7/28 9:38:34, Active
48999,1501234715, 2017/7/28 9:38:35, Active
49999,1501234716, 2017/7/28 9:38:36, Active
50999,1501234717, 2017/7/28 9:38:37, Active
51999,1501234718, 2017/7/28 9:38:38, Active
52999,1501234719, 2017/7/28 9:38:39, Active
53999,1501234720, 2017/7/28 9:38:40, Active
54999,1501234721, 2017/7/28 9:38:41, Inactive
55999,1501234722, 2017/7/28 9:38:42, Inactive
56998,1501234723, 2017/7/28 9:38:43, Inactive
57999,1501234724, 2017/7/28 9:38:44, Inactive
58999,1501234725, 2017/7/28 9:38:45, Active
59999,1501234726, 2017/7/28 9:38:46, Active
60999,1501234727, 2017/7/28 9:38:47, Active
61999,1501234728, 2017/7/28 9:38:48, Active
62999,1501234729, 2017/7/28 9:38:49, Active
64000,1501234730, 2017/7/28 9:38:50, Active
64999,1501234731, 2017/7/28 9:38:51, Active
65999,1501234732, 2017/7/28 9:38:52, Active
66999,1501234733, 2017/7/28 9:38:53, Inactive
67999,1501234734, 2017/7/28 9:38:54, Inactive
68999,1501234735, 2017/7/28 9:38:55, Inactive
69999,1501234736, 2017/7/28 9:38:56, Active
70999,1501234737, 2017/7/28 9:38:57, Active
71999,1501234738, 2017/7/28 9:38:58, Active
72999,1501234739, 2017/7/28 9:38:59, Active
73999,1501234740, 2017/7/28 9:39:0, Active
74998,1501234741, 2017/7/28 9:39:1, Active
75999,1501234742, 2017/7/28 9:39:2, Active
76999,1501234743, 2017/7/28 9:39:3, Active
77999,1501234744, 2017/7/28 9:39:4, Active
78999,1501234745, 2017/7/28 9:39:5, Active
80000,1501234746, 2017/7/28 9:39:6, Active
80999,1501234747, 2017/7/28 9:39:7, Active
81999,1501234748, 2017/7/28 9:39:8, Active
82999,1501234749, 2017/7/28 9:39:9, Active
83999,1501234750, 2017/7/28 9:39:10, Inactive
84999,1501234751, 2017/7/28 9:39:11, Inactive
85999,1501234752, 2017/7/28 9:39:12, Inactive
86999,1501234753, 2017/7/28 9:39:13, Inactive
87999,1501234754, 2017/7/28 9:39:14, Inactive
88999,1501234755, 2017/7/28 9:39:15, Inactive
89999,1501234756, 2017/7/28 9:39:16, Inactive
90999,1501234757, 2017/7/28 9:39:17, Active
91999,1501234758, 2017/7/28 9:39:18, Active
92999,1501234759, 2017/7/28 9:39:19, Active
94000,1501234760, 2017/7/28 9:39:20, Active
94999,1501234761, 2017/7/28 9:39:21, Active
96000,1501234762, 2017/7/28 9:39:22, Active
96999,1501234763, 2017/7/28 9:39:23, Active
97999,1501234764, 2017/7/28 9:39:24, Active
98999,1501234765, 2017/7/28 9:39:25, Active
99999,1501234766, 2017/7/28 9:39:26, Active
101000,1501234767, 2017/7/28 9:39:27, Active
101999,1501234768, 2017/7/28 9:39:28, Active
102999,1501234769, 2017/7/28 9:39:29, Active
103999,1501234770, 2017/7/28 9:39:30, Active
104999,1501234771, 2017/7/28 9:39:31, Active
105999,1501234772, 2017/7/28 9:39:32, Active
106999,1501234773, 2017/7/28 9:39:33, Active
107999,1501234774, 2017/7/28 9:39:34, Active
108999,1501234775, 2017/7/28 9:39:35, Active
109999,1501234776, 2017/7/28 9:39:36, Active
110999,1501234777, 2017/7/28 9:39:37, Active
111998,1501234778, 2017/7/28 9:39:38, Active
112999,1501234779, 2017/7/28 9:39:39, Active
113999,1501234780, 2017/7/28 9:39:40, Inactive
114999,1501234781, 2017/7/28 9:39:41, Inactive
115998,1501234782, 2017/7/28 9:39:42, Inactive
116999,1501234783, 2017/7/28 9:39:43, Inactive
117999,1501234784, 2017/7/28 9:39:44, Inactive
118999,1501234785, 2017/7/28 9:39:45, Inactive
119999,1501234786, 2017/7/28 9:39:46, Inactive
120999,1501234787, 2017/7/28 9:39:47, Inactive
121999,1501234788, 2017/7/28 9:39:48, Active
122998,1501234789, 2017/7/28 9:39:49, Active
123999,1501234790, 2017/7/28 9:39:50, Active
124999,1501234791, 2017/7/28 9:39:51, Active
125999,1501234792, 2017/7/28 9:39:52, Active
126999,1501234793, 2017/7/28 9:39:53, Active
128000,1501234794, 2017/7/28 9:39:54, Active
128999,1501234795, 2017/7/28 9:39:55, Active
129999,1501234796, 2017/7/28 9:39:56, Inactive
130999,1501234797, 2017/7/28 9:39:57, Inactive
131999,1501234798, 2017/7/28 9:39:58, Active
132999,1501234799, 2017/7/28 9:39:59, Active
133999,1501234800, 2017/7/28 9:40:0, Active
135000,1501234801, 2017/7/28 9:40:1, Active
135999,1501234802, 2017/7/28 9:40:2, Active
136999,1501234803, 2017/7/28 9:40:3, Active
137999,1501234804, 2017/7/28 9:40:4, Active
138999,1501234805, 2017/7/28 9:40:5, Active
139999,1501234806, 2017/7/28 9:40:6, Active
140999,1501234807, 2017/7/28 9:40:7, Active
141999,1501234808, 2017/7/28 9:40:8, Active
142998,1501234809, 2017/7/28 9:40:9, Active
144000,1501234810, 2017/7/28 9:40:10, Active
144999,1501234811, 2017/7/28 9:40:11, Active
145999,1501234812, 2017/7/28 9:40:12, Active
146999,1501234813, 2017/7/28 9:40:13, Inactive
147999,1501234814, 2017/7/28 9:40:14, Active
148999,1501234815, 2017/7/28 9:40:15, Active
149999,1501234816, 2017/7/28 9:40:16, Active
150999,1501234817, 2017/7/28 9:40:17, Active
151999,1501234818, 2017/7/28 9:40:18, Active
152999,1501234819, 2017/7/28 9:40:19, Active
153999,1501234820, 2017/7/28 9:40:20, Active
154999,1501234821, 2017/7/28 9:40:21, Active
155999,1501234822, 2017/7/28 9:40:22, Active
156998,1501234823, 2017/7/28 9:40:23, Active
157999,1501234824, 2017/7/28 9:40:24, Active
158999,1501234825, 2017/7/28 9:40:25, Active
160000,1501234826, 2017/7/28 9:40:26, Active
160999,1501234827, 2017/7/28 9:40:27, Active
161998,1501234828, 2017/7/28 9:40:28, Active
162999,1501234829, 2017/7/28 9:40:29, Active
163999,1501234830, 2017/7/28 9:40:30, Active
164999,1501234831, 2017/7/28 9:40:31, Active
165999,1501234832, 2017/7/28 9:40:32, Active
167000,1501234833, 2017/7/28 9:40:33, Active
167999,1501234834, 2017/7/28 9:40:34, Active
168999,1501234835, 2017/7/28 9:40:35, Active
169999,1501234836, 2017/7/28 9:40:36, Active
170999,1501234837, 2017/7/28 9:40:37, Active
171999,1501234838, 2017/7/28 9:40:38, Active
172999,1501234839, 2017/7/28 9:40:39, Active
173999,1501234840, 2017/7/28 9:40:40, Inactive
174999,1501234841, 2017/7/28 9:40:41, Inactive
175998,1501234842, 2017/7/28 9:40:42, Inactive
176999,1501234843, 2017/7/28 9:40:43, Inactive
177999,1501234844, 2017/7/28 9:40:44, Inactive
178999,1501234845, 2017/7/28 9:40:45, Inactive
179999,1501234846, 2017/7/28 9:40:46, Active
180999,1501234847, 2017/7/28 9:40:47, Active
181999,1501234848, 2017/7/28 9:40:48, Active
182999,1501234849, 2017/7/28 9:40:49, Active
183999,1501234850, 2017/7/28 9:40:50, Active
184999,1501234851, 2017/7/28 9:40:51, Active
185999,1501234852, 2017/7/28 9:40:52, Active
186999,1501234853, 2017/7/28 9:40:53, Active
187998,1501234854, 2017/7/28 9:40:54, Active
188999,1501234855, 2017/7/28 9:40:55, Active
189999,1501234856, 2017/7/28 9:40:56, Active
